network,gpu_type,usd_per_hour,source_url,centralized_provider,centralized_usd_per_hour,centralized_source_url,premium_pct,date,available,total,notes
Akash Network,H100 SXM 80GB,2.72,https://console-api.akash.network/v1/gpu-prices,RunPod Secure Cloud,3.49,https://www.runpod.io/pricing,,2026-09-29,9,68,Weighted average of Akash offers; lowest offer 2.04
Akash Network,H200 SXM 141GB,4.45,https://console-api.akash.network/v1/gpu-prices,RunPod Secure Cloud,4.59,https://www.runpod.io/pricing,,2026-09-29,40,40,Weighted average of Akash offers (all offers 4.45); RunPod does not say SXM for its H200
Akash Network,A100 SXM 80GB,1.46,https://console-api.akash.network/v1/gpu-prices,RunPod Secure Cloud,1.59,https://www.runpod.io/pricing,,2026-09-29,14,72,Weighted average of Akash offers; lowest offer 1.07
Akash Network,RTX 4090 24GB,0.30,https://console-api.akash.network/v1/gpu-prices,RunPod Secure Cloud,0.74,https://www.runpod.io/pricing,,2026-09-29,2,4,Weighted average of Akash offers; lowest offer 0.28
io.net,H100 SXM 80GB,1.99,https://api.io.solutions/v1/io-explorer/network/market-snapshot,RunPod Secure Cloud,3.49,https://www.runpod.io/pricing,,2026-09-29,0,615,io.net VM price; its explorer's headline price is 1.19 but what it buys is unclear. Listed as H100 80GB HBM3 (the SXM part)
io.net,H100 PCIe 80GB,1.59,https://api.io.solutions/v1/io-explorer/network/market-snapshot,RunPod Secure Cloud,2.89,https://www.runpod.io/pricing,,2026-09-29,0,8,io.net VM price; its explorer's headline price is 0.89 but what it buys is unclear
io.net,RTX 4090 24GB,0.30,https://api.io.solutions/v1/io-explorer/network/market-snapshot,RunPod Secure Cloud,0.74,https://www.runpod.io/pricing,,2026-09-29,0,616,io.net VM price; its explorer's headline price is 0.25 but what it buys is unclear
Nosana,RTX 4090 24GB,0.40,https://nosana.com/,RunPod Secure Cloud,0.74,https://www.runpod.io/pricing,,2026-09-29,0,42,Nosana's fixed market price; availability counts hosts not GPUs
Nosana,A100 80GB,0.90,https://nosana.com/,RunPod Secure Cloud,1.59,https://www.runpod.io/pricing,,2026-09-29,0,13,Nosana's fixed market price; availability counts hosts not GPUs; SXM or PCIe not stated (RunPod charges 1.59 for both)
