project,amount_usd,funder_type,date,source_url
Mistral AI,1996480000,corporate,2025-09-09,https://mistral.ai/news/mistral-ai-raises-1-7-b-to-accelerate-technological-progress-with-ai
Mistral AI,3484200000,corporate,2026-09-08,https://techcrunch.com/2026/09/08/mistral-raises-e3b-as-sovereign-ai-becomes-big-business/
Nous Research,50000000,crypto,2025-04-25,https://siliconangle.com/2025/04/25/nous-research-raises-50m-decentralized-ai-training-led-paradigm/
Prime Intellect,15000000,vc,2025-02-28,https://www.primeintellect.ai/blog/fundraise
Prime Intellect,130000000,vc,2026-07-08,https://techcrunch.com/2026/07/08/prime-intellect-raises-130m-series-a-to-help-enterprises-build-their-own-ai-agents/
Ai2 (OMAI / OLMo) - NSF,75000000,state,2025-08-14,https://allenai.org/blog/nsf-nvidia
Ai2 (OMAI / OLMo) - NVIDIA,77000000,corporate,2025-08-14,https://allenai.org/blog/nsf-nvidia
OpenEuroLLM,21164440,state,2025-02-03,https://digital-strategy.ec.europa.eu/en/news/pioneering-ai-project-awarded-opening-large-language-models-european-languages
Moonshot AI (Kimi),2000000000,corporate,2026-05-07,https://techcrunch.com/2026/05/07/chinas-moonshot-ai-raises-2b-at-20b-valuation-as-demand-for-open-source-ai-skyrockets/
Moonshot AI (Kimi),3500000000,state,2026-07-29,https://finance.yahoo.com/technology/ai/articles/moonshot-ai-3-5-billion-072537342.html
Zhipu AI (GLM),41500000,state,2025-03-19,https://srnnews.com/chinese-ai-firm-zhipu-raises-257-million-in-state-backed-funding-spree/
Zhipu AI (GLM),140000000,state,2025-07-02,https://www.caixinglobal.com/2025-07-03/chinas-zhipu-ai-secures-140-million-investment-from-shanghai-state-funds-amid-ipo-push-102337464.html
Sarvam AI,234000000,corporate,2026-06-15,https://www.sarvam.ai/announcing-series-b
