program,budget_krw,recipient,model_output,date,source_url
"Sovereign AI Foundation Model Project: GPU rental (독자 AI 파운데이션 모델 GPU 임차), 2025 1st supplementary budget, 2025 to 2026 H1",157600000000,,,2025-06-20,https://www.msit.go.kr/bbs/view.do?sCode=user&mId=307&mPid=208&bbsSeqNo=94&nttSeqNo=3185914
"Sovereign AI Foundation Model Project: per-team dataset build/processing support (팀별 데이터셋 구축·가공), set at team selection",2800000000,LG AI Research,K-EXAONE 1.0; K-EXAONE 2.0,2025-08-04,https://www.msit.go.kr/bbs/view.do?sCode=user&mId=307&mPid=208&bbsSeqNo=94&nttSeqNo=3186073
"Sovereign AI Foundation Model Project: per-team dataset build/processing support (팀별 데이터셋 구축·가공), set at team selection",2800000000,SK Telecom,A.X K1; A.X K2,2025-08-04,https://www.msit.go.kr/bbs/view.do?sCode=user&mId=307&mPid=208&bbsSeqNo=94&nttSeqNo=3186073
"Sovereign AI Foundation Model Project: per-team dataset build/processing support (팀별 데이터셋 구축·가공), set at team selection",2800000000,Upstage,Solar Open2,2025-08-04,https://www.msit.go.kr/bbs/view.do?sCode=user&mId=307&mPid=208&bbsSeqNo=94&nttSeqNo=3186073
"Sovereign AI Foundation Model Project: per-team dataset build/processing support (팀별 데이터셋 구축·가공), set at team selection",2800000000,NAVER Cloud,,2025-08-04,https://www.msit.go.kr/bbs/view.do?sCode=user&mId=307&mPid=208&bbsSeqNo=94&nttSeqNo=3186073
"Sovereign AI Foundation Model Project: per-team dataset build/processing support (팀별 데이터셋 구축·가공), set at team selection",2800000000,NC AI,,2025-08-04,https://www.msit.go.kr/bbs/view.do?sCode=user&mId=307&mPid=208&bbsSeqNo=94&nttSeqNo=3186073
"Sovereign AI Foundation Model Project: dataset build/processing support for added team (데이터 개별 구축·가공), 2026",1750000000,Motif Technologies,Motif 3,2026-02-20,https://www.msit.go.kr/bbs/view.do?sCode=user&mId=307&mPid=208&bbsSeqNo=94&nttSeqNo=3186921
"Sovereign AI Foundation Model Project: broadcast video training data for all teams (방송영상 학습용 데이터)",20000000000,,,2025-08-04,https://www.msit.go.kr/bbs/view.do?sCode=user&mId=307&mPid=208&bbsSeqNo=94&nttSeqNo=3186073
"Government GPU procurement (GPU 확보 사업), 2025 1st supplementary budget",1460000000000,,,2025-07-28,https://www.msit.go.kr/bbs/view.do?sCode=user&mId=307&mPid=208&bbsSeqNo=94&nttSeqNo=3186055
"Government GPU procurement, build and operation support (GPU 확보·구축·운용지원 사업), 2026",2080000000000,,,2026-06-08,https://www.msit.go.kr/bbs/view.do?sCode=user&mId=307&mPid=208&bbsSeqNo=94&nttSeqNo=3187410
"National AI Computing Center (국가 AI컴퓨팅센터): planned government equity to 2030",80000000000,,,2025-09-08,https://www.msit.go.kr/bbs/view.do?sCode=user&mId=307&mPid=208&bbsSeqNo=94&nttSeqNo=3186223
"Government-wide AI budget 2026 (AI 예산, 41 ministries, 741 projects)",9900000000000,,,2026-03-04,https://www.aikorea.go.kr/web/board/brdDetail.do?menu_cd=000011&num=359
